époque,X,Y,Z,delta_horloge_user,delta_pseudorange,,
21:12:14:0:0:0.0000000,4316912.388,542826.4472,4583481.833,-39516.88478,108809.304,,-1.31723E-05
21:12:14:0:0:30.0000000,4317008.102,542714.5032,4584085.46,-39236.11747,109111.996,,-1.30787E-05
21:12:14:0:1:0.0000000,4317109.731,542602.6763,4584700.49,-38947.08478,109409.5012,,-1.29824E-05
21:12:14:0:1:30.0000000,4317218.359,542490.2563,4585326.557,-38649.47226,109702.2971,,-1.28832E-05
21:12:14:0:2:0.0000000,4317333.425,542378.533,4585962.601,-38344.15362,109990.1981,,-1.27814E-05
21:12:14:0:2:30.0000000,4317453.881,542266.1831,4586608.345,-38031.7474,110272.452,,-1.26772E-05
21:12:14:0:3:0.0000000,4317579.803,542154.2044,4587263.546,-37712.15096,110549.5722,,-1.25707E-05
21:12:14:0:3:30.0000000,4317711.937,542042.791,4587928.439,-37384.89363,110820.0449,,-1.24616E-05
21:12:14:0:4:0.0000000,4317850.204,541930.6979,4588600.814,-37051.44756,111086.9787,,-1.23505E-05
21:12:14:0:4:30.0000000,4317991.462,541820.2455,4589281.259,-36712.54225,111346.644,,-1.22375E-05
21:12:14:0:5:0.0000000,4318138.732,541709.4311,4589970.614,-36366.477,111600.4716,,-1.21222E-05
21:12:14:0:5:30.0000000,4318291.686,541599.4825,4590666.007,-36014.74702,111849.2981,,-1.20049E-05
21:12:14:0:6:0.0000000,4318449.262,541489.8788,4591368.776,-35657.17968,112091.4037,,-1.18857E-05
21:12:14:0:6:30.0000000,4318611.147,541380.871,4592076.974,-35294.81029,112328.5952,,-1.17649E-05
21:12:14:0:7:0.0000000,4318777.699,541272.2344,4592791.534,-34927.23391,112558.4722,,-1.16424E-05
21:12:14:0:7:30.0000000,4318947.2,541164.5247,4593510.693,-34555.83557,112783.1883,,-1.15186E-05
21:12:14:0:8:0.0000000,4319121.705,541057.9666,4594234.819,-34179.51833,113000.3862,,-1.13932E-05
21:12:14:0:8:30.0000000,4319300.222,540952.1514,4594963.612,-33798.66066,113212.2274,,-1.12662E-05
21:12:14:0:9:0.0000000,4319481.987,540846.7028,4595695.992,-33414.57688,113417.0638,,-1.11382E-05
21:12:14:0:9:30.0000000,4319666.325,540743.0698,4596431.336,-33027.68189,113615.8471,,-1.10092E-05
21:12:14:0:10:0.0000000,4319855.523,540639.6098,4597170.08,-32636.35724,113807.5858,,-1.08788E-05
21:12:14:0:10:30.0000000,4320046.486,540537.6426,4597911.42,-32242.80443,113993.2397,,-1.07476E-05
21:12:14:0:11:0.0000000,4320240.742,540437.5272,4598654.215,-31846.57426,114172.6522,,-1.06155E-05
21:12:14:0:11:30.0000000,4320437.501,540338.1399,4599399.367,-31447.96294,114344.7067,,-1.04827E-05
21:12:14:0:12:0.0000000,4320637.045,540239.4461,4600144.709,-31047.5248,114510.4509,,-1.03492E-05
21:12:14:0:12:30.0000000,4320838.373,540142.5705,4600890.617,-30645.72895,114670.7137,,-1.02152E-05
21:12:14:0:13:0.0000000,4321042.297,540046.9974,4601636.326,-30242.5092,114822.2754,,-1.00808E-05
21:12:14:0:13:30.0000000,4321248.106,539952.9952,4602384.091,-29836.80631,114967.8392,,-9.9456E-06
21:12:14:0:14:0.0000000,4321456.159,539860.8512,4603129.365,-29431.01101,115106.503,,-9.81034E-06
21:12:14:0:14:30.0000000,4321664.907,539769.0727,4603873.851,-29024.89523,115239.1377,,-9.67497E-06
21:12:14:0:15:0.0000000,4321876.199,539679.274,4604616.679,-28618.05875,115365.2195,,-9.53935E-06
21:12:14:0:15:30.0000000,4322088.401,539591.735,4605358.169,-28210.98417,115483.3156,,-9.40366E-06
21:12:14:0:16:0.0000000,4322301.726,539505.2007,4606098.164,-27803.76031,115596.3519,,-9.26792E-06
21:12:14:0:16:30.0000000,4322515.76,539420.8564,4606833.934,-27397.71239,115701.598,,-9.13257E-06
21:12:14:0:17:0.0000000,4322730.906,539338.0753,4607567.465,-26991.79174,115801.2201,,-8.99726E-06
21:12:14:0:17:30.0000000,4322947.081,539256.8969,4608298.738,-26586.14103,115892.9431,,-8.86205E-06
21:12:14:0:18:0.0000000,4323163.661,539177.4191,4609025.891,-26181.41874,115978.7224,,-8.72714E-06
21:12:14:0:18:30.0000000,4323380.007,539100.0641,4609748.202,-25779.08047,116057.7562,,-8.59303E-06
21:12:14:0:19:0.0000000,4323597.983,539024.0836,4610467.499,-25376.89684,116130.8405,,-8.45897E-06
21:12:14:0:19:30.0000000,4323815.631,538950.7286,4611181.705,-24976.69991,116196.8271,,-8.32557E-06
21:12:14:0:20:0.0000000,4324032.867,538879.2102,4611891.195,-24578.73291,116256.4026,,-8.19291E-06
21:12:14:0:20:30.0000000,4324250.911,538809.2365,4612595.881,-24181.91084,116309.2648,,-8.06064E-06
21:12:14:0:21:0.0000000,4324467.679,538741.8075,4613295.118,-23787.92518,116356.0225,,-7.92931E-06
21:12:14:0:21:30.0000000,4324686.727,538676.0263,4613989.292,-23394.52736,116397.0717,,-7.79818E-06
21:12:14:0:22:0.0000000,4324902.835,538612.3478,4614676.115,-23005.89198,116431.4169,,-7.66863E-06
21:12:14:0:22:30.0000000,4325120.185,538550.4074,4615358.582,-22618.13056,116460.1281,,-7.53938E-06
21:12:14:0:23:0.0000000,4325336.536,538490.9237,4616033.957,-22233.78528,116482.1623,,-7.41126E-06
21:12:14:0:23:30.0000000,4325552.342,538433.9826,4616703.052,-21851.94968,116497.5159,,-7.28398E-06
21:12:14:0:24:0.0000000,4325767.508,538378.5258,4617366.142,-21473.04029,116507.7803,,-7.15768E-06
21:12:14:0:24:30.0000000,4325981.838,538325.6163,4618021.502,-21097.72313,116512.3274,,-7.03257E-06
21:12:14:0:25:0.0000000,4326195.52,538274.3785,4618670.474,-20725.17079,116511.0246,,-6.90839E-06
21:12:14:0:25:30.0000000,4326408.572,538225.7316,4619311.874,-20355.83244,116503.6014,,-6.78528E-06
21:12:14:0:26:0.0000000,4326619.524,538179.6462,4619945.37,-19990.91312,116489.473,,-6.66364E-06
21:12:14:0:26:30.0000000,4326830.288,538135.2424,4620572.548,-19628.63826,116470.8246,,-6.54288E-06
21:12:14:0:27:0.0000000,4327040.632,538093.2039,4621191.796,-19269.7507,116447.0001,,-6.42325E-06
21:12:14:0:27:30.0000000,4327249.076,538053.2578,4621803.522,-18914.88166,116418.1143,,-6.30496E-06
21:12:14:0:28:0.0000000,4327455.934,538015.7497,4622406.683,-18564.45712,116381.8167,,-6.18815E-06
21:12:14:0:28:30.0000000,4327662.254,537980.7429,4623002.65,-18216.92392,116341.9359,,-6.07231E-06
21:12:14:0:29:0.0000000,4327867.534,537947.6928,4623590.432,-17873.48627,116295.6898,,-5.95783E-06
21:12:14:0:29:30.0000000,4328071.078,537917.371,4624169.106,-17534.63266,116245.5893,,-5.84488E-06
21:12:14:0:30:0.0000000,4328273.955,537888.4346,4624742.011,-17198.39185,116190.5316,,-5.7328E-06
21:12:14:0:30:30.0000000,4328475.259,537862.3124,4625305.068,-16866.83422,116129.67,,-5.62228E-06
21:12:14:0:31:0.0000000,4328675.373,537838.5065,4625860.363,-16539.25247,116064.2248,,-5.51308E-06
21:12:14:0:31:30.0000000,4328873.906,537816.7808,4626406.949,-16216.20539,115994.57,,-5.4054E-06
21:12:14:0:32:0.0000000,4329070.512,537797.6628,4626945.232,-15897.32805,115920.1088,,-5.29911E-06
21:12:14:0:32:30.0000000,4329266.103,537780.5836,4627475.302,-15582.43996,115840.3929,,-5.19415E-06
21:12:14:0:33:0.0000000,4329461.145,537765.826,4627997.631,-15270.84644,115757.3457,,-5.09028E-06
21:12:14:0:33:30.0000000,4329653.462,537753.7845,4628510.373,-14964.70239,115669.5045,,-4.98823E-06
21:12:14:0:34:0.0000000,4329844.125,537743.1503,4629015.708,-14662.53821,115576.4407,,-4.88751E-06
21:12:14:0:34:30.0000000,4330033.956,537735.9027,4629511.621,-14364.56478,115479.2404,,-4.78819E-06
21:12:14:0:35:0.0000000,4330222.345,537729.9985,4629999.678,-14070.53549,115379.0926,,-4.69018E-06
21:12:14:0:35:30.0000000,4330409.474,537726.8771,4630479.333,-13780.74814,115273.7029,,-4.59358E-06
21:12:14:0:36:0.0000000,4330594.976,537726.3519,4630950.541,-13495.00775,115166.343,,-4.49834E-06
21:12:14:0:36:30.0000000,4330778.741,537727.855,4631412.578,-13214.2473,115054.0751,,-4.40475E-06
21:12:14:0:37:0.0000000,4330961.807,537731.4728,4631868.447,-12936.03628,114937.7862,,-4.31201E-06
21:12:14:0:37:30.0000000,4331142.369,537737.6961,4632314.036,-12663.45116,114817.9372,,-4.22115E-06
21:12:14:0:38:0.0000000,4331321.889,537745.304,4632750.599,-12395.59728,114694.4966,,-4.13187E-06
21:12:14:0:38:30.0000000,4331499.921,537756.3211,4633180.46,-12130.76982,114568.2833,,-4.04359E-06
21:12:14:0:39:0.0000000,4331676.131,537768.7712,4633602.069,-11870.49451,114437.7333,,-3.95683E-06
21:12:14:0:39:30.0000000,4331851.718,537784.063,4634013.941,-11614.51657,114304.0607,,-3.87151E-06
21:12:14:0:40:0.0000000,4332024.776,537801.373,4634419.294,-11362.38065,114167.5912,,-3.78746E-06
21:12:14:0:40:30.0000000,4332197.136,537820.8061,4634816.713,-11113.64091,114028.8035,,-3.70455E-06
21:12:14:0:41:0.0000000,4332367.851,537842.3757,4635204.784,-10870.11516,113885.3376,,-3.62337E-06
21:12:14:0:41:30.0000000,4332537.065,537866.5648,4635586.368,-10629.79767,113739.7964,,-3.54327E-06
21:12:14:0:42:0.0000000,4332704.914,537892.7941,4635958.633,-10394.05389,113591.4952,,-3.46468E-06
21:12:14:0:42:30.0000000,4332871.581,537921.4319,4636323.402,-10161.89383,113440.4571,,-3.3873E-06
21:12:14:0:43:0.0000000,4320597.521,539167.6931,4633944.015,-17852.71096,111086.4645,,-5.9509E-06
21:12:14:0:43:30.0000000,4320572.482,539175.3993,4634299.822,-17724.15408,110852.9255,,-5.90805E-06
21:12:14:0:44:0.0000000,4320545.629,539183.467,4634650.746,-17598.09754,110615.1284,,-5.86603E-06
21:12:14:0:44:30.0000000,4320517.024,539193.5795,4634995.313,-17475.47305,110374.157,,-5.82516E-06
21:12:14:0:45:0.0000000,4320485.995,539204.5542,4635331.007,-17357.69783,110128.7556,,-5.7859E-06
21:12:14:0:45:30.0000000,4320453.04,539215.9264,4635661.468,-17242.80864,109878.3774,,-5.7476E-06
21:12:14:0:46:0.0000000,4320418.285,539228.4741,4635985.479,-17131.45903,109625.047,,-5.71049E-06
21:12:14:0:46:30.0000000,4320381.827,539241.6196,4636302.911,-17023.21321,109367.6267,,-5.6744E-06
21:12:14:0:47:0.0000000,4249789.292,489950.0885,4611849.923,-72564.5736,65091.91697,,-2.41882E-05
21:12:14:0:47:30.0000000,4249783.091,489732.9771,4612198.649,-72425.36016,64891.53482,,-2.41418E-05
21:12:14:0:48:0.0000000,4249779.639,489518.7515,4612545.279,-72285.25318,64688.79618,,-2.40951E-05
21:12:14:0:48:30.0000000,4249776.736,489308.5938,4612885.44,-72147.12297,64483.49448,,-2.4049E-05
21:12:14:0:49:0.0000000,4248354.286,494216.512,4603345.998,-77790.8306,68247.01642,,-2.59303E-05
21:12:14:0:49:30.0000000,4248502.959,494197.5351,4603607.212,-77624.4792,68224.89964,,-2.58748E-05
21:12:14:0:50:0.0000000,4248660.462,494186.1784,4603871.502,-77451.68716,68203.4146,,-2.58172E-05
21:12:14:0:50:30.0000000,4248830.318,494179.916,4604140.93,-77269.45304,68180.92023,,-2.57565E-05
21:12:14:0:51:0.0000000,4249008.3,494182.208,4604413.218,-77081.23211,68160.16816,,-2.56937E-05
21:12:14:0:51:30.0000000,4249197.653,494189.6879,4604691.816,-76883.44274,68137.3331,,-2.56278E-05
21:12:14:0:52:0.0000000,4249394.635,494204.6326,4604970.955,-76681.22274,68117.3416,,-2.55604E-05
21:12:14:0:52:30.0000000,4249603.12,494225.2648,4605259.034,-76467.81447,68094.05357,,-2.54893E-05
21:12:14:0:53:0.0000000,4249820.335,494253.8252,4605546.622,-76249.68443,68072.59323,,-2.54166E-05
21:12:14:0:53:30.0000000,4250047.211,494288.6906,4605838.973,-76023.8776,68049.98751,,-2.53413E-05
21:12:14:0:54:0.0000000,4318393.313,554549.7157,4647398.972,-11447.4171,127249.6231,,-3.81581E-06
21:12:14:0:54:30.0000000,4318406.5,554610.9937,4647394.486,-11413.73792,126897.5598,,-3.80458E-06
21:12:14:0:55:0.0000000,4318418.191,554671.4398,4647389.813,-11380.44717,126540.8527,,-3.79348E-06
21:12:14:0:55:30.0000000,4330650.964,561919.7752,4649978.983,-2829.698144,128079.9404,,-9.43233E-07
21:12:14:0:56:0.0000000,4318442.561,554792.6856,4647378.713,-11313.72514,125819.1312,,-3.77124E-06
21:12:14:0:56:30.0000000,4318454.574,554852.7799,4647372.883,-11280.09535,125452.6848,,-3.76003E-06
21:12:14:0:57:0.0000000,4318464.008,554912.5455,4647364.78,-11248.73781,125083.1131,,-3.74958E-06
21:12:14:0:57:30.0000000,4318476.908,554973.1059,4647356.738,-11215.08183,124711.2938,,-3.73836E-06
21:12:14:0:58:0.0000000,4318487.761,555032.8902,4647347.756,-11182.89919,124335.6701,,-3.72763E-06
21:12:14:0:58:30.0000000,4318498.387,555093.0691,4647336.787,-11151.51762,123958.1957,,-3.71717E-06
21:12:14:0:59:0.0000000,4318506.994,555152.8809,4647327.36,-11119.94438,123575.9173,,-3.70665E-06
21:12:14:0:59:30.0000000,4315224.939,553467.7521,4657621.37,-7249.79656,121105.9885,,-2.4166E-06
21:12:14:1:0:0.0000000,4315286.346,553540.3481,4657777.62,-7118.322746,120666.8962,,-2.37277E-06
21:12:14:1:0:30.0000000,4315349.004,553614.1746,4657934.031,-6986.616804,120226.1982,,-2.32887E-06
21:12:14:1:1:0.0000000,4315413.51,553689.0121,4658089.852,-6853.667418,119782.2823,,-2.28456E-06
21:12:14:1:1:30.0000000,4315477.869,553764.5503,4658245.874,-6720.812666,119334.0989,,-2.24027E-06
21:12:14:1:2:0.0000000,4315542.839,553839.8443,4658401.135,-6587.893694,118882.4393,,-2.19596E-06
21:12:14:1:2:30.0000000,4315609.727,553916.5859,4658555.573,-6454.390422,118427.2382,,-2.15146E-06
21:12:14:1:3:0.0000000,4316448.982,553885.0665,4658957.055,-5784.267191,117966.2317,,-1.92809E-06
21:12:14:1:3:30.0000000,4316620.463,553948.9784,4659147.94,-5577.102946,117504.0238,,-1.85903E-06
21:12:14:1:4:0.0000000,4316794.54,554014.3879,4659339.951,-5367.989501,117038.8231,,-1.78933E-06
21:12:14:1:4:30.0000000,4316967.383,554079.8679,4659531.042,-5160.638381,116569.7234,,-1.72021E-06
21:12:14:1:5:0.0000000,4317143.225,554146.1971,4659724.397,-4950.220595,116097.0411,,-1.65007E-06
21:12:14:1:5:30.0000000,4317318.979,554213.2288,4659917.636,-4740.115868,115621.3135,,-1.58004E-06
21:12:14:1:6:0.0000000,4317494.098,554280.7382,4660109.873,-4530.912263,115141.7478,,-1.5103E-06
21:12:14:1:6:30.0000000,4317670.376,554349.8582,4660302.802,-4320.905768,114660.5217,,-1.4403E-06
21:12:14:1:7:0.0000000,4317848.421,554418.4806,4660497.069,-4109.263923,114175.1123,,-1.36975E-06
21:12:14:1:7:30.0000000,4318025.658,554488.2044,4660690.491,-3898.436115,113686.8479,,-1.29948E-06
21:12:14:1:8:0.0000000,4318202.06,554558.7211,4660882.812,-3688.941676,113195.1194,,-1.22965E-06
21:12:14:1:8:30.0000000,4318379.122,554628.7952,4661076.945,-3478.232295,112700.1896,,-1.15941E-06
21:12:14:1:9:0.0000000,4318554.503,554700.8049,4661267.715,-3270.069453,112203.3785,,-1.09002E-06
21:12:14:1:9:30.0000000,4318731.532,554772.1678,4661462.158,-3058.95582,111702.1903,,-1.01965E-06
21:12:14:1:10:0.0000000,4318906.988,554845.4323,4661653.107,-2850.729847,111199.8881,,-9.50243E-07
21:12:14:1:10:30.0000000,4319080.914,554918.3959,4661844.327,-2642.9897,110693.4369,,-8.80997E-07
21:12:14:1:11:0.0000000,4319254.69,554991.9357,4662034.285,-2435.902085,110184.1819,,-8.11967E-07
21:12:14:1:11:30.0000000,4319428.183,555066.4303,4662225.471,-2228.217281,109672.9659,,-7.42739E-07
21:12:14:1:12:0.0000000,4319598.618,555140.5309,4662413.711,-2023.730461,109157.9728,,-6.74577E-07
21:12:14:1:12:30.0000000,4319768.865,555215.9315,4662601.321,-1819.805708,108641.6372,,-6.06602E-07
21:12:14:1:13:0.0000000,4319937.223,555290.5761,4662788.312,-1616.861433,108121.3057,,-5.38954E-07
21:12:14:1:13:30.0000000,4320105.038,555367.2886,4662974.805,-1414.445634,107600.2628,,-4.71482E-07
21:12:14:1:14:0.0000000,4316926.816,552202.5368,4649491.42,-10524.83321,110421.9925,,-3.50828E-06
21:12:14:1:14:30.0000000,4317064.635,552226.3403,4649551.692,-10417.90985,109968.29,,-3.47264E-06
21:12:14:1:15:0.0000000,4317200.288,552249.2006,4649612.174,-10312.34238,109511.3007,,-3.43745E-06
21:12:14:1:15:30.0000000,4317335.253,552272.2318,4649672.186,-10207.33775,109051.61,,-3.40245E-06
21:12:14:1:16:0.0000000,4320909.006,555750.3229,4663879.392,-433.6621999,104953.2079,,-1.44554E-07
21:12:14:1:16:30.0000000,4317602.269,552319.2013,4649795.356,-9997.726832,108129.9748,,-3.33258E-06
21:12:14:1:17:0.0000000,4321214.997,555905.9914,4664229.677,-54.44112661,103879.8431,,-1.8147E-08
21:12:14:1:17:30.0000000,4317864.464,552365.0814,4649918.705,-9791.075076,107201.5038,,-3.26369E-06
21:12:14:1:18:0.0000000,4317993.541,552388.3103,4649981.276,-9688.466209,106735.3362,,-3.22949E-06
21:12:14:1:18:30.0000000,4318120.565,552411.3363,4650042.638,-9587.723223,106267.5154,,-3.19591E-06
21:12:14:1:19:0.0000000,4318246.528,552434.2248,4650104.794,-9487.203645,105799.0287,,-3.1624E-06
21:12:14:1:19:30.0000000,4318370.072,552456.7355,4650167.032,-9388.011397,105327.919,,-3.12934E-06
21:12:14:1:20:0.0000000,4318492.249,552479.6524,4650229.125,-9289.544933,104856.6164,,-3.09651E-06
21:12:14:1:20:30.0000000,4318612.359,552501.8976,4650290.233,-9192.942209,104383.5883,,-3.06431E-06
21:12:14:1:21:0.0000000,4318729.979,552524.0632,4650352.108,-9097.05643,103909.7386,,-3.03235E-06
21:12:14:1:21:30.0000000,4318846.558,552546.8457,4650414.374,-9001.706274,103433.9938,,-3.00057E-06
21:12:14:1:22:0.0000000,4322562.394,556688.5407,4665827.032,1679.885203,98400.44771,,5.59962E-07
21:12:14:1:22:30.0000000,4319072.336,552590.0397,4650535.881,-8816.223021,102480.352,,-2.93874E-06
21:12:14:1:23:0.0000000,4319181.497,552611.3329,4650596.999,-8725.387634,102001.4394,,-2.90846E-06
21:12:14:1:23:30.0000000,4319290.099,552633.278,4650657.463,-8635.024283,101523.0978,,-2.87834E-06
21:12:14:1:24:0.0000000,4319393.058,552653.9373,4650715.297,-8548.959575,101043.1167,,-2.84965E-06
21:12:14:1:24:30.0000000,4319496.685,552674.9755,4650774.841,-8461.571811,100562.8081,,-2.82052E-06
21:12:14:1:25:0.0000000,4319596.305,552695.5032,4650833.594,-8376.765135,100080.7864,,-2.79226E-06
21:12:14:1:25:30.0000000,4319693.848,552715.9997,4650890.92,-8293.675623,99598.09214,,-2.76456E-06
21:12:14:1:26:0.0000000,4319787.325,552736.0593,4650947.615,-8212.928615,99115.38987,,-2.73764E-06
21:12:14:1:26:30.0000000,4319879.784,552755.3815,4651003.612,-8133.044644,98631.80747,,-2.71101E-06
21:12:14:1:27:0.0000000,4319968.76,552775.209,4651058.682,-8055.393794,98147.65667,,-2.68513E-06
21:12:14:1:27:30.0000000,4320054.69,552793.7148,4651111.705,-7980.334769,97664.20152,,-2.66011E-06
21:12:14:1:28:0.0000000,4320137.677,552812.7545,4651164.949,-7906.401857,97178.54125,,-2.63547E-06
21:12:14:1:28:30.0000000,4320218.359,552831.0496,4651217.143,-7834.271433,96694.02006,,-2.61142E-06
21:12:14:1:29:0.0000000,4320295.468,552848.7905,4651268.127,-7764.288285,96207.77131,,-2.5881E-06
21:12:14:1:29:30.0000000,4320369.561,552866.3687,4651316.884,-7697.057803,95722.50374,,-2.56569E-06
21:12:14:1:30:0.0000000,4320440.703,552883.9892,4651365.515,-7631.290539,95236.31065,,-2.54376E-06
21:12:14:1:30:30.0000000,4320508.556,552900.4598,4651412.442,-7567.753255,94750.70767,,-2.52258E-06
21:12:14:1:31:0.0000000,4320573.948,552916.8761,4651457.336,-7506.65695,94264.77133,,-2.50222E-06
21:12:14:1:31:30.0000000,4320635.796,552933.2428,4651501.653,-7447.342234,93778.942,,-2.48245E-06
21:12:14:1:32:0.0000000,4320694.49,552948.4446,4651543.711,-7390.687808,93293.0214,,-2.46356E-06
21:12:14:1:32:30.0000000,4320748.832,552963.3045,4651584.597,-7336.641114,92806.5433,,-2.44555E-06
21:12:14:1:33:0.0000000,4320801.004,552977.7167,4651624.206,-7284.16427,92321.68323,,-2.42805E-06
21:12:14:1:33:30.0000000,4320849.007,552991.5956,4651661.288,-7235.044819,91835.60237,,-2.41168E-06
21:12:14:1:34:0.0000000,4320894.349,553005.3965,4651696.438,-7188.000682,91351.18586,,-2.396E-06
21:12:14:1:34:30.0000000,4320937.059,553018.4894,4651731.026,-7142.386502,90865.76735,,-2.3808E-06
21:12:14:1:35:0.0000000,4320975.204,553030.8351,4651762.721,-7100.495734,90381.75254,,-2.36683E-06
21:12:14:1:35:30.0000000,4321009.552,553042.6009,4651793.237,-7060.753328,89897.95133,,-2.35358E-06
21:12:14:1:36:0.0000000,4321041.619,553054.0924,4651821.581,-7023.29107,89415.16116,,-2.3411E-06
21:12:14:1:36:30.0000000,4321070.196,553064.6687,4651847.206,-6988.601358,88932.61778,,-2.32953E-06
21:12:14:1:37:0.0000000,4321094.363,553074.9044,4651871.51,-6956.598043,88450.58301,,-2.31887E-06
21:12:14:1:37:30.0000000,4321115.953,553084.453,4651893.474,-6927.030481,87970.27601,,-2.30901E-06
21:12:14:1:38:0.0000000,4321133.619,553092.9819,4651913.23,-6900.265023,87489.17141,,-2.30009E-06
21:12:14:1:38:30.0000000,4321147.913,553101.545,4651930.589,-6876.248553,87009.9634,,-2.29208E-06
21:12:14:1:39:0.0000000,4321159.238,553109.5776,4651945.983,-6854.37548,86531.54295,,-2.28479E-06
21:12:14:1:39:30.0000000,4321166.476,553116.5143,4651958.969,-6835.604681,86054.09711,,-2.27853E-06
21:12:14:1:40:0.0000000,4321170.148,553122.9637,4651969.62,-6819.541677,85578.12054,,-2.27318E-06
21:12:14:1:40:30.0000000,4340723.002,559990.5069,4656716.66,6343.2946,88423.64733,,2.11443E-06
21:12:14:1:41:0.0000000,4340647.504,560044.4521,4656702.302,6323.147038,87982.05682,,2.10772E-06
21:12:14:1:41:30.0000000,4340569.521,560098.447,4656685.103,6301.221793,87542.67814,,2.10041E-06
21:12:14:1:42:0.0000000,4340488.479,560152.2001,4656664.24,6276.363775,87104.59615,,2.09212E-06
21:12:14:1:42:30.0000000,4340404.376,560205.3809,4656640.049,6248.667731,86668.95003,,2.08289E-06
21:12:14:1:43:0.0000000,4340318.138,560258.7619,4656613.385,6219.407605,86235.94924,,2.07314E-06
21:12:14:1:43:30.0000000,4340228.81,560311.9968,4656582.634,6187.137947,85805.0064,,2.06238E-06
21:12:14:1:44:0.0000000,4340135.655,560364.4465,4656549.225,6152.083412,85376.30066,,2.05069E-06
21:12:14:1:44:30.0000000,4340039.689,560416.8046,4656511.867,6114.010491,84948.9441,,2.038E-06
21:12:14:1:45:0.0000000,4339941.526,560469.181,4656470.7,6073.748562,84525.14824,,2.02458E-06
21:12:14:1:45:30.0000000,4339839.152,560521.0101,4656426.883,6030.54464,84103.56804,,2.01018E-06
21:12:14:1:46:0.0000000,4339735.795,560572.5271,4656379.994,5985.896563,83684.50765,,1.9953E-06
21:12:14:1:46:30.0000000,4339629.041,560623.9057,4656328.588,5937.58024,83267.1866,,1.97919E-06
21:12:14:1:47:0.0000000,4339517.477,560674.3728,4656274.489,5886.315652,82852.23142,,1.96211E-06
21:12:14:1:47:30.0000000,4339404.468,560724.6251,4656217.229,5833.161838,82440.82039,,1.94439E-06
21:12:14:1:48:0.0000000,4339289.248,560774.9699,4656156.245,5777.570583,82031.81628,,1.92586E-06
21:12:14:1:48:30.0000000,4339170.461,560824.4624,4656091.924,5719.039145,81625.30142,,1.90635E-06
21:12:14:1:49:0.0000000,4339048.702,560873.2715,4656024.646,5657.951656,81221.62455,,1.88598E-06
21:12:14:1:49:30.0000000,4338924.093,560922.0284,4655953.6,5594.159982,80821.13503,,1.86472E-06
21:12:14:1:50:0.0000000,4338798.294,560970.3155,4655879.312,5528.641846,80423.66911,,1.84288E-06
21:12:14:1:50:30.0000000,4338667.745,561017.966,4655801.455,5459.276774,80028.55162,,1.81976E-06
21:12:14:1:51:0.0000000,4338535.555,561065.1059,4655720.681,5388.04406,79636.81909,,1.79601E-06
21:12:14:1:51:30.0000000,4338400.362,561111.3763,4655636.554,5314.463451,79247.32634,,1.77149E-06
21:12:14:1:52:0.0000000,4338263.294,561157.8482,4655549.153,5238.616915,78862.06433,,1.74621E-06
21:12:14:1:52:30.0000000,4338122.59,561203.2505,4655458.853,5159.896028,78478.27793,,1.71997E-06
21:12:14:1:53:0.0000000,4337979.772,561248.2258,4655365.236,5078.967509,78098.91153,,1.69299E-06
21:12:14:1:53:30.0000000,4337833.969,561291.9159,4655268.567,4995.398103,77721.54402,,1.66513E-06
21:12:14:1:54:0.0000000,4337687.017,561335.909,4655168.068,4909.626823,77348.15403,,1.63654E-06
21:12:14:1:54:30.0000000,4337537.428,561378.8339,4655064.744,4821.611723,76977.81605,,1.6072E-06
21:12:14:1:55:0.0000000,4337385.634,561421.2125,4654960.677,4732.548622,76610.51424,,1.57752E-06
21:12:14:1:55:30.0000000,4337231.328,561463.0893,4654851.134,4639.7166,76247.06678,,1.54657E-06
21:12:14:1:56:0.0000000,4337073.411,561503.6139,4654739.101,4544.175395,75885.9542,,1.51473E-06
21:12:14:1:56:30.0000000,4336913.905,561543.8491,4654625.173,4447.258842,75528.11438,,1.48242E-06
21:12:14:1:57:0.0000000,4336753.857,561582.9862,4654507.452,4348.382013,75174.69931,,1.44946E-06
21:12:14:1:57:30.0000000,4336590.878,561621.6891,4654387.621,4247.651433,74824.51495,,1.41588E-06
21:12:14:1:58:0.0000000,4336425.885,561659.8074,4654264.951,4144.601792,74476.88541,,1.38153E-06
21:12:14:1:58:30.0000000,4336259.077,561697.7426,4654139.194,4039.381465,74133.42052,,1.34646E-06
21:12:14:1:59:0.0000000,4336090.958,561734.2522,4654012.769,3933.569738,73793.05211,,1.31119E-06
21:12:14:1:59:30.0000000,4335920.363,561769.9325,4653882.106,3824.624553,73456.13108,,1.27487E-06
21:12:14:2:0:0.0000000,4335748.089,561804.7839,4653749.441,3713.783014,73123.09229,,1.23793E-06
21:12:14:2:0:30.0000000,4335574.458,561838.6793,4653615.114,3601.843345,72793.36351,,1.20061E-06
21:12:14:2:1:0.0000000,4335399.66,561872.112,4653477.071,3487.664514,72466.72933,,1.16255E-06
21:12:14:2:1:30.0000000,4335222.088,561904.6461,4653338.399,3371.868186,72143.87843,,1.12396E-06
21:12:14:2:2:0.0000000,4335043.272,561936.204,4653196.535,3254.063339,71824.48082,,1.08469E-06
21:12:14:2:2:30.0000000,4334864.079,561967.3913,4653053.703,3135.965493,71508.62878,,1.04532E-06
21:12:14:2:3:0.0000000,4334683.011,561996.9144,4652908.626,3015.739741,71196.04562,,1.00525E-06
21:12:14:2:3:30.0000000,4334501.266,562026.5365,4652761.582,2894.50951,70887.9556,,9.64837E-07
21:12:14:2:4:0.0000000,4334317.38,562055.1604,4652612.445,2770.852163,70582.8655,,9.23617E-07
21:12:14:2:4:30.0000000,4334133.611,562082.5694,4652462.099,2646.973453,70281.43146,,8.82324E-07
21:12:14:2:5:0.0000000,4333948.629,562109.3198,4652309.913,2521.693591,69983.7795,,8.40565E-07
21:12:14:2:5:30.0000000,4333761.902,562135.5433,4652156.341,2394.905855,69689.44424,,7.98302E-07
21:12:14:2:6:0.0000000,4333574.506,562160.3577,4652001.456,2267.034477,69398.96859,,7.55678E-07
21:12:14:2:6:30.0000000,4333388.149,562184.3527,4651844.964,2139.073786,69111.88364,,7.13025E-07
21:12:14:2:7:0.0000000,4333198.929,562207.5924,4651686.005,2008.315083,68828.36527,,6.69438E-07
21:12:14:2:7:30.0000000,4333008.313,562230.45,4651528.568,1877.477121,68548.68709,,6.25826E-07
21:12:14:2:8:0.0000000,4332819.512,562251.9333,4651368.705,1746.594719,68272.29501,,5.82198E-07
21:12:14:2:8:30.0000000,4332629.233,562272.3911,4651205.889,1613.328044,67999.3258,,5.37776E-07
21:12:14:2:9:0.0000000,4332439.104,562292.9088,4651045.731,1481.316582,67730.83789,,4.93772E-07
21:12:14:2:9:30.0000000,4334343.539,564646.7023,4657360.573,5616.937558,68884.95302,,1.87231E-06
21:12:14:2:10:0.0000000,4335183.81,564188.7729,4662826.994,8691.967016,67944.45669,,2.89732E-06
21:12:14:2:10:30.0000000,4333927.898,564747.3936,4657046.422,5360.972548,68410.27176,,1.78699E-06
21:12:14:2:11:0.0000000,4333718.892,564796.4447,4656886.596,5230.987322,68178.48107,,1.74366E-06
21:12:14:2:11:30.0000000,4334790.212,564311.6578,4663204.701,8796.712995,67061.62166,,2.93224E-06
21:12:14:2:12:0.0000000,4334662.251,564353.6078,4663333.209,8833.211145,66770.42336,,2.9444E-06
21:12:14:2:12:30.0000000,4334536.053,564395.8452,4663463.217,8870.811252,66480.2052,,2.95694E-06
21:12:14:2:13:0.0000000,4334409.326,564438.2791,4663592.992,8907.440499,66191.05528,,2.96915E-06
21:12:14:2:13:30.0000000,4334285.517,564481.3301,4663724.893,8945.988365,65904.02288,,2.982E-06
21:12:14:2:14:0.0000000,4334160.928,564525.1793,4663856.027,8983.027739,65618.03695,,2.99434E-06
21:12:14:2:14:30.0000000,4338306.137,563369.512,4666271.902,12390.44363,65080.10352,,4.13015E-06
21:12:14:2:15:0.0000000,4333917.381,564614.2375,4664122.425,9060.66195,65049.34676,,3.02022E-06
21:12:14:2:15:30.0000000,4337927.798,563520.7262,4666512.839,12375.88236,64531.55342,,4.12529E-06
21:12:14:2:16:0.0000000,4337739.448,563597.1015,4666631.666,12367.66286,64258.83888,,4.12255E-06
21:12:14:2:16:30.0000000,4337551.603,563673.6659,4666749.961,12358.89926,63987.72808,,4.11963E-06
21:12:14:2:17:0.0000000,4337363.948,563750.9136,4666868.681,12350.17801,63717.67785,,4.11673E-06
21:12:14:2:17:30.0000000,4337177.305,563828.9274,4666985.226,12340.48838,63449.11555,,4.1135E-06
21:12:14:2:18:0.0000000,4336990.091,563906.8154,4667102.546,12330.39311,63181.87117,,4.11013E-06
21:12:14:2:18:30.0000000,4336803.197,563984.8073,4667216.927,12318.74465,62915.14691,,4.10625E-06
21:12:14:2:19:0.0000000,4336617.336,564063.6693,4667331.308,12306.72981,62650.55158,,4.10224E-06
21:12:14:2:19:30.0000000,4336430.994,564142.5362,4667443.982,12293.99874,62386.67304,,4.098E-06
21:12:14:2:20:0.0000000,4336244.212,564222.1853,4667554.449,12279.42685,62123.81265,,4.09314E-06
21:12:14:2:20:30.0000000,4336058.501,564302.1227,4667664.73,12265.13218,61862.95639,,4.08838E-06
21:12:14:2:21:0.0000000,4335873.135,564382.5461,4667773.273,12249.61225,61603.39359,,4.0832E-06
21:12:14:2:21:30.0000000,4335687.868,564463.5192,4667881.56,12233.91369,61344.31578,,4.07797E-06
21:12:14:2:22:0.0000000,4335501.702,564544.5791,4667985.35,12215.06804,61086.94132,,4.07169E-06
21:12:14:2:22:30.0000000,4335316.414,564626.0746,4668090.48,12197.16316,60830.29835,,4.06572E-06
21:12:14:2:23:0.0000000,4335130.529,564708.1152,4668191.221,12176.44492,60576.02956,,4.05881E-06
21:12:14:2:23:30.0000000,4334944.204,564789.9798,4668287.987,12153.46032,60322.1241,,4.05115E-06
21:12:14:2:24:0.0000000,4334760.286,564873.5087,4668389.709,12133.57618,60070.11113,,4.04453E-06
21:12:14:2:24:30.0000000,4334574.248,564956.4713,4668485.124,12109.43907,59818.7866,,4.03648E-06
21:12:14:2:25:0.0000000,4334387.549,565039.9722,4668576.532,12082.76107,59569.11305,,4.02759E-06
21:12:14:2:25:30.0000000,4334201.094,565123.7358,4668667.03,12055.26506,59321.1918,,4.01842E-06
21:12:14:2:26:0.0000000,4334015.029,565208.3941,4668756.595,12027.63389,59073.95342,,4.00921E-06
21:12:14:2:26:30.0000000,4333828.469,565292.7738,4668842.164,11997.43726,58827.85849,,3.99915E-06
21:12:14:2:27:0.0000000,4333641.847,565377.6016,4668924.025,11965.04582,58583.78418,,3.98835E-06
21:12:14:2:27:30.0000000,4333453.501,565462.8755,4669003.377,11930.3754,58340.85652,,3.97679E-06
21:12:14:2:28:0.0000000,4333265.923,565548.6685,4669080.566,11894.99095,58098.79591,,3.965E-06
21:12:14:2:28:30.0000000,4333077.194,565634.477,4669154.522,11857.14306,57858.35074,,3.95238E-06
21:12:14:2:29:0.0000000,4332887.676,565720.3705,4669224.185,11816.63642,57618.48591,,3.93888E-06
21:12:14:2:29:30.0000000,4332698.647,565807.2736,4669290.533,11774.67999,57381.90533,,3.92489E-06
21:12:14:2:30:0.0000000,4332508.58,565893.9761,4669354.848,11731.02332,57145.01519,,3.91034E-06
21:12:14:2:30:30.0000000,4332317.44,565980.7872,4669414.534,11684.44294,56910.5257,,3.89481E-06
21:12:14:2:31:0.0000000,4332125.557,566067.7282,4669470.611,11635.36398,56676.60809,,3.87845E-06
21:12:14:2:31:30.0000000,4331931.873,566154.9323,4669521.075,11582.63744,56444.55651,,3.86088E-06
21:12:14:2:32:0.0000000,4331739.436,566242.5217,4669569.496,11529.5647,56213.3195,,3.84319E-06
21:12:14:2:32:30.0000000,4331544.878,566329.9692,4669613.155,11472.96471,55984.22898,,3.82432E-06
21:12:14:2:33:0.0000000,4331349.472,566417.7241,4669653.169,11413.79685,55756.25533,,3.8046E-06
21:12:14:2:33:30.0000000,4331153.874,566505.8772,4669689.243,11352.50281,55529.48314,,3.78417E-06
21:12:14:2:34:0.0000000,4330956.744,566593.5123,4669719.804,11288.06987,55304.6513,,3.76269E-06
21:12:14:2:34:30.0000000,4330758.571,566681.4742,4669746.156,11220.43434,55081.00443,,3.74014E-06
21:12:14:2:35:0.0000000,4330559.015,566769.1167,4669767.118,11149.69933,54858.57089,,3.71657E-06
21:12:14:2:35:30.0000000,4330358.673,566857.3357,4669783.911,11076.6129,54637.83951,,3.6922E-06
21:12:14:2:36:0.0000000,4330157.035,566945.0055,4669796.04,11000.1784,54418.45411,,3.66673E-06
21:12:14:2:36:30.0000000,4329954.124,567032.6318,4669802.77,10920.51038,54199.67018,,3.64017E-06
21:12:14:2:37:0.0000000,4329750.374,567120.5259,4669804.883,10838.19467,53983.97435,,3.61273E-06
21:12:14:2:37:30.0000000,4329545.336,567207.9862,4669801.975,10752.73592,53768.21568,,3.58425E-06
21:12:14:2:38:0.0000000,4329338.775,567295.5575,4669792.955,10663.59351,53555.04974,,3.55453E-06
21:12:14:2:38:30.0000000,4329131.111,567382.6741,4669779.502,10571.47569,53342.17586,,3.52383E-06
21:12:14:2:39:0.0000000,4328920.939,567469.1182,4669759.39,10474.90684,53131.11153,,3.49164E-06
21:12:14:2:39:30.0000000,4328710.788,567555.821,4669734.733,10376.15798,52922.37775,,3.45872E-06
21:12:14:2:40:0.0000000,4328498.981,567641.7123,4669704.124,10273.66328,52714.13199,,3.42455E-06
21:12:14:2:40:30.0000000,4328285.761,567727.8748,4669667.999,10167.62915,52507.87997,,3.38921E-06
21:12:14:2:41:0.0000000,4328071.656,567813.3014,4669627.176,10058.79153,52302.24864,,3.35293E-06
21:12:14:2:41:30.0000000,4327855.412,567898.2438,4669578.368,9945.149332,52098.66936,,3.31505E-06
21:12:14:2:42:0.0000000,4327637.561,567982.0569,4669525.382,9828.541534,51896.09844,,3.27618E-06
21:12:14:2:42:30.0000000,4327419.558,568066.5313,4669466.683,9708.966803,51695.64213,,3.23632E-06
21:12:14:2:43:0.0000000,4327199.934,568149.7,4669401.858,9585.561988,51496.39421,,3.19519E-06
21:12:14:2:43:30.0000000,4326978.125,568232.6371,4669330.798,9458.12787,51297.70048,,3.15271E-06
21:12:14:2:44:0.0000000,4326755.719,568315.1472,4669254.181,9327.825478,51101.72673,,3.10928E-06
21:12:14:2:44:30.0000000,4326531.582,568396.4438,4669171.758,9193.546188,50905.89636,,3.06452E-06
21:12:14:2:45:0.0000000,4326306.559,568477.5624,4669083.706,9056.209532,50711.86682,,3.01874E-06
21:12:14:2:45:30.0000000,4326080.063,568557.228,4668989.089,8914.674942,50519.50971,,2.97156E-06
21:12:14:2:46:0.0000000,4325852.887,568636.8144,4668888.904,8770.544703,50327.54352,,2.92351E-06
21:12:14:2:46:30.0000000,4325623.284,568714.9943,4668782.696,8621.742566,50136.93028,,2.87391E-06
21:12:14:2:47:0.0000000,4325393.822,568792.8563,4668671.602,8470.813829,49948.51546,,2.8236E-06
21:12:14:2:47:30.0000000,4325162.555,568869.4508,4668553.266,8315.634511,49760.57354,,2.77188E-06
21:12:14:2:48:0.0000000,4324930.541,568945.4335,4668429.834,8157.289393,49574.69006,,2.7191E-06
21:12:14:2:48:30.0000000,4324697.28,569020.1055,4668300.779,7995.468362,49388.7026,,2.66516E-06
21:12:14:2:49:0.0000000,4324463.476,569094.3139,4668165.689,7830.607351,49205.31716,,2.6102E-06
21:12:14:2:49:30.0000000,4324227.977,569167.104,4668025.508,7662.327868,49022.3405,,2.55411E-06
21:12:14:2:50:0.0000000,4323992.1,569239.2235,4667878.474,7490.495108,48840.76542,,2.49683E-06
21:12:14:2:50:30.0000000,4323755.163,569309.8423,4667726.679,7315.624383,48659.67443,,2.43854E-06
21:12:14:2:51:0.0000000,4323517.692,569379.6062,4667569.954,7138.227873,48480.23523,,2.37941E-06
21:12:14:2:51:30.0000000,4323279.332,569448.216,4667407.589,6957.501967,48301.77755,,2.31917E-06
21:12:14:2:52:0.0000000,4323041.718,569515.8212,4667240.315,6774.660707,48124.34042,,2.25822E-06
21:12:14:2:52:30.0000000,4322801.764,569581.8906,4667066.824,6587.363555,47947.01818,,2.19579E-06
21:12:14:2:53:0.0000000,4322562.743,569647.605,4666889.786,6399.013671,47772.01067,,2.133E-06
21:12:14:2:53:30.0000000,4322322.355,569711.4633,4666706.701,6206.81058,47596.73249,,2.06894E-06
21:12:14:2:54:0.0000000,4322083.197,569774.8031,4666519.792,6013.377932,47422.98266,,2.00446E-06
21:12:14:2:54:30.0000000,4321841.584,569836.0851,4666326.723,5815.335619,47250.30141,,1.93845E-06
21:12:14:2:55:0.0000000,4321601.22,569896.1652,4666129.176,5615.834835,47077.30491,,1.87194E-06
21:12:14:2:55:30.0000000,4321360.822,569955.79,4665927.88,5414.335269,46905.98508,,1.80478E-06
21:12:14:2:56:0.0000000,4321120.418,570013.9102,4665722.541,5210.813788,46735.36595,,1.73694E-06
21:12:14:2:56:30.0000000,4320880.026,570070.3911,4665512.042,5004.721519,46564.61741,,1.66824E-06
21:12:14:2:57:0.0000000,4320639.878,570125.8293,4665297.465,4796.477681,46395.01325,,1.59883E-06
21:12:14:2:57:30.0000000,4320399.766,570180.0303,4665078.905,4586.248975,46225.88973,,1.52875E-06
21:12:14:2:58:0.0000000,4320160.572,570232.9369,4664857.25,4374.931131,46057.25662,,1.45831E-06
21:12:14:2:58:30.0000000,4319921.563,570285.3824,4664631.556,4161.450938,45889.22902,,1.38715E-06
21:12:14:2:59:0.0000000,4305447.096,564540.9873,4655207.48,-8128.857856,50111.14676,,-2.70962E-06
21:12:14:2:59:30.0000000,4305485.755,564642.1662,4655207.352,-8100.43285,49831.40959,,-2.70014E-06
21:12:14:3:0:0.0000000,4305522.824,564743.0008,4655201.714,-8075.444851,49552.78052,,-2.69181E-06
21:12:14:3:0:30.0000000,4305560.062,564845.1837,4655191.944,-8052.313572,49275.72577,,-2.6841E-06
21:12:14:3:1:0.0000000,4305596.521,564947.053,4655177.186,-8031.564954,49000.0368,,-2.67719E-06
21:12:14:3:1:30.0000000,4305632.883,565049.9418,4655156.721,-8013.481522,48724.83727,,-2.67116E-06
21:12:14:3:2:0.0000000,4305667.917,565152.7721,4655131.646,-7997.953256,48451.44875,,-2.66598E-06
21:12:14:3:2:30.0000000,4305701.736,565255.4718,4655101.408,-7985.416767,48179.88104,,-2.66181E-06
21:12:14:3:3:0.0000000,4305736.924,565359.4588,4655066.632,-7974.174869,47908.11828,,-2.65806E-06
21:12:14:3:3:30.0000000,4305771.009,565463.1617,4655027.215,-7965.594859,47638.73235,,-2.6552E-06
21:12:14:3:4:0.0000000,4305803.729,565566.7578,4654982.249,-7960.339877,47370.07553,,-2.65345E-06
21:12:14:3:4:30.0000000,4305836.744,565670.8852,4654933.69,-7956.31605,47102.95163,,-2.65211E-06
21:12:14:3:5:0.0000000,4305869.332,565775.914,4654880.591,-7954.718372,46836.97471,,-2.65157E-06
21:12:14:3:5:30.0000000,4305901.398,565880.3432,4654821.628,-7955.970186,46571.63433,,-2.65199E-06
21:12:14:3:6:0.0000000,4305933.579,565985.054,4654758.346,-7959.176111,46308.18026,,-2.65306E-06
21:12:14:3:6:30.0000000,4305963.839,566089.0801,4654690.886,-7964.880709,46046.37684,,-2.65496E-06
21:12:14:3:7:0.0000000,4305995.609,566194.256,4654619.495,-7971.922356,45783.90928,,-2.65731E-06
21:12:14:3:7:30.0000000,4306025.323,566299.7412,4654542.277,-7982.480272,45523.91102,,-2.66083E-06
21:12:14:3:8:0.0000000,4306056.366,566404.8861,4654462.226,-7993.904553,45264.27027,,-2.66463E-06
21:12:14:3:8:30.0000000,4306086.546,566509.4894,4654376.451,-8007.990223,45006.60221,,-2.66933E-06
21:12:14:3:9:0.0000000,4306114.965,566614.2607,4654286.989,-8024.826212,44749.46406,,-2.67494E-06
21:12:14:3:9:30.0000000,4306144.355,566719.0933,4654193.572,-8042.844933,44494.18346,,-2.68095E-06
21:12:14:3:10:0.0000000,4306174.082,566824.2484,4654096.238,-8062.608743,44238.64209,,-2.68754E-06
21:12:14:3:10:30.0000000,4306203.052,566929.4028,4653994.416,-8084.858623,43984.7799,,-2.69495E-06
21:12:14:3:11:0.0000000,4306231.809,567033.8642,4653889.982,-8108.138518,43732.41588,,-2.70271E-06
21:12:14:3:11:30.0000000,4306260.469,567138.9461,4653779.973,-8134.428463,43480.97765,,-2.71148E-06
21:12:14:3:12:0.0000000,4306289.104,567243.4659,4653667.091,-8161.831849,43229.818,,-2.72061E-06
21:12:14:3:12:30.0000000,4306317.295,567348.0584,4653550.528,-8191.065914,42979.94981,,-2.73036E-06
21:12:14:3:13:0.0000000,4306345.392,567452.3762,4653429.542,-8222.679465,42731.09742,,-2.74089E-06
21:12:14:3:13:30.0000000,4321290.12,558893.2025,4657627.935,3682.794479,35121.33586,,1.2276E-06
21:12:14:3:14:0.0000000,4321402.041,559009.9933,4657564.92,3709.912636,34795.65219,,1.23664E-06
21:12:14:3:14:30.0000000,4321510.961,559127.0557,4657496.884,3732.95482,34471.46673,,1.24432E-06
21:12:14:3:15:0.0000000,4321619.587,559245.5313,4657424.35,3753.710314,34147.34694,,1.25124E-06
21:12:14:3:15:30.0000000,4321726.409,559364.624,4657347.58,3771.254286,33824.13889,,1.25708E-06
21:12:14:3:16:0.0000000,4321831.618,559484.3915,4657265.588,3785.396945,33503.72949,,1.2618E-06
21:12:14:3:16:30.0000000,4321935.752,559605.1188,4657179.575,3796.969662,33182.27751,,1.26566E-06
21:12:14:3:17:0.0000000,4306574.215,568283.1029,4652351.213,-8523.557959,40770.47973,,-2.84119E-06
21:12:14:3:17:30.0000000,4306604.828,568386.0372,4652203.209,-8566.290464,40527.49492,,-2.85543E-06
21:12:14:3:18:0.0000000,4306634.546,568489.2187,4652052.81,-8610.711284,40287.11147,,-2.87024E-06
21:12:14:3:18:30.0000000,4306664.387,568591.5304,4651899.317,-8656.53875,40046.07958,,-2.88551E-06
21:12:14:3:19:0.0000000,4306694.628,568693.9345,4651743.315,-8703.531229,39806.32801,,-2.90118E-06
21:12:14:3:19:30.0000000,4306725.562,568795.8853,4651585.652,-8750.786071,39566.60996,,-2.91693E-06
21:12:14:3:20:0.0000000,4306757.485,568898.5057,4651425.271,-8798.795585,39327.11289,,-2.93293E-06
21:12:14:3:20:30.0000000,4306788.752,569000.3146,4651262.139,-8848.71699,39088.58071,,-2.94957E-06
21:12:14:3:21:0.0000000,4306821.246,569101.8928,4651097.686,-8898.612956,38850.38311,,-2.9662E-06
21:12:14:3:21:30.0000000,4306854.397,569203.7009,4650931.517,-8948.784285,38612.44593,,-2.98293E-06
21:12:14:3:22:0.0000000,4306887.211,569305.3117,4650762.717,-9000.972739,38375.84142,,-3.00032E-06
21:12:14:3:22:30.0000000,4306921.245,569406.4979,4650591.893,-9053.036461,38138.12923,,-3.01768E-06
21:12:14:3:23:0.0000000,4306955.097,569507.6182,4650419.491,-9106.167976,37901.77374,,-3.03539E-06
21:12:14:3:23:30.0000000,4306989.809,569609.0313,4650245.29,-9159.879492,37665.66826,,-3.05329E-06
21:12:14:3:24:0.0000000,4307026.461,569709.4952,4650070.204,-9212.885529,37429.1086,,-3.07096E-06
21:12:14:3:24:30.0000000,4307063.332,569809.7792,4649893.729,-9266.429439,37191.54424,,-3.08881E-06
21:12:14:3:25:0.0000000,4307101.182,569910.1247,4649715.161,-9320.721636,36955.50665,,-3.10691E-06
21:12:14:3:25:30.0000000,4307138.76,570010.4481,4649535.297,-9375.634234,36719.88009,,-3.12521E-06
21:12:14:3:26:0.0000000,4307178.092,570110.3293,4649354.544,-9430.24595,36483.25977,,-3.14342E-06
21:12:14:3:26:30.0000000,4307217.198,570210.6314,4649171.024,-9486.648555,36247.6555,,-3.16222E-06
21:12:14:3:27:0.0000000,4307258.081,570310.3649,4648988.689,-9541.294259,36011.104,,-3.18043E-06
21:12:14:3:27:30.0000000,4323843.775,562459.156,4654298.55,3329.78287,26363.00811,,1.10993E-06
21:12:14:3:28:0.0000000,4323914.011,562597.3458,4654129.669,3279.481932,26062.24499,,1.09316E-06
21:12:14:3:28:30.0000000,4323982.905,562735.7633,4653958.662,3227.321726,25762.36058,,1.07577E-06
21:12:14:3:29:0.0000000,4324050.193,562874.7888,4653785.329,3173.078398,25462.98798,,1.05769E-06
21:12:14:3:29:30.0000000,4324116.525,563014.6232,4653609.191,3116.475267,25164.09298,,1.03883E-06
21:12:14:3:30:0.0000000,4324181.368,563154.7861,4653430.565,3058.065558,24866.28807,,1.01936E-06
21:12:14:3:30:30.0000000,4324244.981,563295.3977,4653250.922,2998.177839,24569.30593,,9.99393E-07
21:12:14:3:31:0.0000000,4307612.955,571105.6903,4647486.939,-9988.601453,34119.99003,,-3.32953E-06
21:12:14:3:31:30.0000000,4324368.274,563579.1307,4652883.011,2871.810385,23975.97703,,9.5727E-07
21:12:14:3:32:0.0000000,4324427.222,563721.5304,4652694.97,2804.895251,23680.68916,,9.34965E-07
21:12:14:3:32:30.0000000,4324485.69,563865.1454,4652505.483,2736.973391,23385.64358,,9.12324E-07
21:12:14:3:33:0.0000000,4324543.073,564008.8967,4652314.793,2667.792184,23090.82424,,8.89264E-07
21:12:14:3:33:30.0000000,4324598.439,564153.1891,4652121.571,2596.096352,22796.42353,,8.65365E-07
21:12:14:3:34:0.0000000,4324652.699,564298.5296,4651926.377,2522.702205,22502.51696,,8.40901E-07
21:12:14:3:34:30.0000000,4324706.09,564443.7809,4651729.801,2448.098302,22208.81011,,8.16033E-07
21:12:14:3:35:0.0000000,4324756.764,564589.9878,4651530.379,2370.607749,21916.12657,,7.90203E-07
21:12:14:3:35:30.0000000,4324807.561,564736.3674,4651330.581,2292.692375,21624.43521,,7.64231E-07
21:12:14:3:36:0.0000000,4324856.974,564884.0713,4651129.111,2213.321699,21332.06065,,7.37774E-07
21:12:14:3:36:30.0000000,4324904.327,565031.7409,4650924.673,2130.962803,21040.50358,,7.10321E-07
21:12:14:3:37:0.0000000,4324951.265,565179.9138,4650719.967,2048.365258,20748.92366,,6.82788E-07
21:12:14:3:37:30.0000000,4324997.031,565328.3954,4650514.695,1964.740605,20457.67686,,6.54914E-07
21:12:14:3:38:0.0000000,4325040.74,565478.0237,4650307.243,1878.926287,20167.20325,,6.26309E-07
21:12:14:3:38:30.0000000,4325083.555,565628.1298,4650097.536,1791.362193,19876.99373,,5.97121E-07
21:12:14:3:39:0.0000000,4325125.042,565778.2343,4649887.92,1703.203819,19586.85194,,5.67735E-07
21:12:14:3:39:30.0000000,4325165.469,565929.1583,4649676.113,1613.118857,19297.05362,,5.37706E-07
21:12:14:3:40:0.0000000,4325204.201,566080.2044,4649463.76,1522.043447,19007.87158,,5.07348E-07
21:12:14:3:40:30.0000000,4325241.593,566231.9236,4649249.982,1429.276369,18718.63597,,4.76425E-07
21:12:14:3:41:0.0000000,4325278.042,566384.2774,4649035.365,1335.728965,18429.82687,,4.45243E-07
21:12:14:3:41:30.0000000,4325313.236,566537.1192,4648819.546,1240.636635,18141.5092,,4.13546E-07
21:12:14:3:42:0.0000000,4325347.472,566689.8736,4648603.077,1144.893599,17853.44681,,3.81631E-07
21:12:14:3:42:30.0000000,4325379.415,566843.751,4648385.121,1047.247549,17565.74194,,3.49083E-07
21:12:14:3:43:0.0000000,4325410.488,566997.6498,4648166.354,948.3662235,17278.13782,,3.16122E-07
21:12:14:3:43:30.0000000,4325441.65,567152.1715,4647948.589,850.396194,16990.9846,,2.83465E-07
21:12:14:3:44:0.0000000,4325469.541,567306.9001,4647727.442,748.9195892,16704.4991,,2.4964E-07
21:12:14:3:44:30.0000000,4325497.562,567462.2561,4647507.513,647.9654385,16417.66109,,2.15988E-07
21:12:14:3:45:0.0000000,4325523.107,567618.397,4647285.564,544.666889,16131.75072,,1.81556E-07
21:12:14:3:45:30.0000000,4325548.647,567774.2325,4647064.101,441.7709864,15846.52714,,1.47257E-07
21:12:14:3:46:0.0000000,4325571.734,567931.0408,4646840.578,336.5108472,15560.99631,,1.1217E-07
21:12:14:3:46:30.0000000,4325594.627,568087.7607,4646617.592,231.4727662,15276.62717,,7.71576E-08
21:12:14:3:47:0.0000000,4325615.853,568244.9626,4646393.98,125.3092083,14992.90983,,4.17697E-08
21:12:14:3:47:30.0000000,4325635.098,568402.5998,4646169.466,17.77204097,14709.11064,,5.92401E-09
21:12:14:3:48:0.0000000,4325653.775,568560.3105,4645944.363,-90.43415194,14426.14384,,-3.01447E-08
21:12:14:3:48:30.0000000,4325670.336,568718.7939,4645718.973,-199.7160672,14144.41401,,-6.6572E-08
21:12:14:3:49:0.0000000,4325685.904,568877.7235,4645493.116,-309.8322944,13863.36052,,-1.03277E-07
21:12:14:3:49:30.0000000,4325700.716,569036.4459,4645267.434,-420.2400555,13583.01006,,-1.4008E-07
21:12:14:3:50:0.0000000,4325714.264,569195.856,4645041.328,-531.1917038,13303.70055,,-1.77064E-07
21:12:14:3:50:30.0000000,4325291.465,569608.5624,4643748.757,-1507.44442,12982.96803,,-5.02481E-07
21:12:14:3:51:0.0000000,4325267.156,569788.4653,4643437.745,-1688.718471,12696.81756,,-5.62906E-07
21:12:14:3:51:30.0000000,4325241.281,569969.6238,4643124.956,-1871.832015,12410.99919,,-6.23944E-07
21:12:14:3:52:0.0000000,4325212.968,570151.0309,4642811.631,-2056.40038,12125.3384,,-6.85467E-07
21:12:14:3:52:30.0000000,4325183.301,570332.964,4642496.714,-2242.530337,11840.4534,,-7.4751E-07
21:12:14:3:53:0.0000000,4323034.525,571114.7194,4635123.404,-7701.71701,13696.98353,,-2.56724E-06
21:12:14:3:53:30.0000000,4323106.011,571273.0507,4635062.197,-7691.834645,13351.69782,,-2.56394E-06
21:12:14:3:54:0.0000000,4323174.604,571432.7068,4634998.141,-7684.801999,13005.43937,,-2.5616E-06
21:12:14:3:54:30.0000000,4323239.701,571592.5238,4634931.723,-7680.174797,12659.43484,,-2.56006E-06
21:12:14:3:55:0.0000000,4323300.924,571753.8713,4634862.015,-7679.043364,12313.014,,-2.55968E-06
21:12:14:3:55:30.0000000,4323357.734,571915.0123,4634789.22,-7681.353441,11966.22151,,-2.56045E-06
21:12:14:3:56:0.0000000,4323411.807,572077.9785,4634714.939,-7685.458649,11619.25416,,-2.56182E-06
21:12:14:3:56:30.0000000,4323462.102,572240.54,4634636.766,-7692.938599,11272.51784,,-2.56431E-06
21:12:14:3:57:0.0000000,4323508.388,572404.2954,4634555.981,-7703.559474,10927.16842,,-2.56785E-06
21:12:14:3:57:30.0000000,4323550.198,572568.5769,4634472.014,-7717.892393,10582.04681,,-2.57263E-06
21:12:14:3:58:0.0000000,4323588.35,572733.584,4634385.122,-7734.954508,10238.04871,,-2.57832E-06
21:12:14:3:58:30.0000000,4323623.049,572899.8676,4634294.849,-7755.259819,9895.403335,,-2.58509E-06
21:12:14:3:59:0.0000000,4323653.175,573065.78,4634202.444,-7778.437219,9554.678775,,-2.59281E-06
21:12:14:3:59:30.0000000,4347650.708,577621.588,4641821.63,9353.530314,35669.49634,,3.11784E-06
21:12:14:4:0:0.0000000,4347473.706,577803.1536,4641624.17,9179.306428,35366.97866,,3.05977E-06
21:12:14:4:0:30.0000000,4347291.982,577985.821,4641422.577,9000.979491,35068.53699,,3.00033E-06
21:12:14:4:1:0.0000000,4347105.069,578167.8039,4641216.955,8818.267657,34775.46269,,2.93942E-06
21:12:14:4:1:30.0000000,4346912.02,578350.1256,4641006.347,8630.454143,34484.43629,,2.87682E-06
21:12:14:4:2:0.0000000,4346714.461,578533.1498,4640792.019,8439.030719,34199.60919,,2.81301E-06
21:12:14:4:2:30.0000000,4346511.745,578715.8429,4640573.739,8243.531257,33918.1883,,2.74784E-06
21:12:14:4:3:0.0000000,4346303.163,578899.1193,4640352.055,8043.685413,33640.57916,,2.68123E-06
21:12:14:4:3:30.0000000,4346090.117,579081.4614,4640126.958,7840.348281,33367.88414,,2.61345E-06
21:12:14:4:4:0.0000000,4345871.424,579264.7878,4639898.123,7632.623886,33100.12705,,2.54421E-06
21:12:14:4:4:30.0000000,4345647.792,579447.3917,4639665.071,7420.830123,32837.87219,,2.47361E-06
21:12:14:4:5:0.0000000,4345419.121,579630.4124,4639429.374,7205.575353,32579.11022,,2.40186E-06
21:12:14:4:5:30.0000000,4345184.976,579813.4168,4639188.581,6985.383009,32325.77451,,2.32846E-06
21:12:14:4:6:0.0000000,4344945.92,579996.1127,4638944.877,6761.609582,32077.53057,,2.25387E-06
21:12:14:4:6:30.0000000,4344701.116,580178.408,4638697.817,6534.046458,31833.09908,,2.17802E-06
21:12:14:4:7:0.0000000,4344452.591,580360.7803,4638446.987,6302.89391,31595.78604,,2.10096E-06
21:12:14:4:7:30.0000000,4347327.283,577763.5594,4640697.146,9256.293476,32087.50993,,3.08543E-06
21:12:14:4:8:0.0000000,4347180.303,577852.1812,4640521.724,9125.844882,31917.50647,,3.04195E-06
21:12:14:4:8:30.0000000,4347029.397,577940.7796,4640343.31,8992.304656,31754.54922,,2.99743E-06
21:12:14:4:9:0.0000000,4346873.9,578028.4505,4640160.541,8854.642164,31601.17069,,2.95155E-06
21:12:14:4:9:30.0000000,4346715.028,578115.2455,4639975.185,8714.444214,31456.54448,,2.90481E-06
21:12:14:4:10:0.0000000,4346551.225,578201.5777,4639786.48,8570.438406,31319.416,,2.85681E-06
21:12:14:4:10:30.0000000,4346384.552,578287.4623,4639595.286,8424.284719,31192.70085,,2.80809E-06
21:12:14:4:11:0.0000000,4346213.091,578371.1528,4639398.878,8273.367424,31074.73483,,2.75779E-06
21:12:14:4:11:30.0000000,4346037.345,578455.9465,4639201.711,8120.557121,30963.80834,,2.70685E-06
21:12:14:4:12:0.0000000,4345857.752,578539.0717,4638999.951,7963.649628,30862.21314,,2.65455E-06
21:12:14:4:12:30.0000000,4345674.233,578622.0489,4638795.04,7803.759902,30771.43142,,2.60125E-06
21:12:14:4:13:0.0000000,4345487.039,578704.4927,4638587.808,7641.266119,30689.31764,,2.54709E-06
21:12:14:4:13:30.0000000,4345295.369,578785.3149,4638377.116,7475.021538,30616.2811,,2.49167E-06
21:12:14:4:14:0.0000000,4345100.787,578865.9127,4638163.743,7306.462042,30553.36174,,2.43549E-06
21:12:14:4:14:30.0000000,4344900.792,578946.1426,4637945.514,7133.005997,30497.40266,,2.37767E-06
21:12:14:4:15:0.0000000,4344698.53,579025.2215,4637727.186,6959.018521,30452.46424,,2.31967E-06
21:12:14:4:15:30.0000000,4344492.081,579103.4663,4637504.563,6780.785703,30417.68529,,2.26026E-06
21:12:14:4:16:0.0000000,4344280.59,579181.8144,4637278.654,6598.743158,30390.24553,,2.19958E-06
21:12:14:4:16:30.0000000,4344068.275,579259.0039,4637050.693,6415.624692,30374.64015,,2.13854E-06
21:12:14:4:17:0.0000000,4343850.51,579335.1672,4636820.325,6229.034057,30366.19214,,2.07634E-06
21:12:14:4:17:30.0000000,4343628.111,579410.559,4636586.283,6038.402853,30367.80853,,2.0128E-06
21:12:14:4:18:0.0000000,4343403.401,579485.9885,4636349.803,5845.77436,30378.41796,,1.94859E-06
21:12:14:4:18:30.0000000,4343175.385,579560.0086,4636110.764,5650.416051,30399.36059,,1.88347E-06
21:12:14:4:19:0.0000000,4342944.556,579633.4653,4635869.95,5453.281686,30428.56481,,1.81776E-06
21:12:14:4:19:30.0000000,4342708.47,579706.5014,4635625.848,5251.902225,30465.78877,,1.75063E-06
21:12:14:4:20:0.0000000,4342470.81,579778.8838,4635379.328,5048.884038,30514.02863,,1.68296E-06
21:12:14:4:20:30.0000000,4342229.656,579850.1847,4635130.272,4843.018523,30571.12089,,1.61434E-06
21:12:14:4:21:0.0000000,4341985.993,579920.9068,4634879.885,4635.597315,30637.2679,,1.5452E-06
21:12:14:4:21:30.0000000,4341738.664,579991.3298,4634626.757,4425.099371,30711.30506,,1.47503E-06
21:12:14:4:22:0.0000000,4341488.109,580061.087,4634370.825,4211.670733,30794.01855,,1.40389E-06
21:12:14:4:22:30.0000000,4341234.599,580129.1658,4634113.92,3996.689627,30885.9415,,1.33223E-06
21:12:14:4:23:0.0000000,4340979.494,580197.4511,4633854.319,3779.741518,30986.67771,,1.25991E-06
21:12:14:4:23:30.0000000,4340720.908,580264.8029,4633593.251,3560.384863,31095.38497,,1.18679E-06
21:12:14:4:24:0.0000000,4340460.067,580331.7846,4633330.451,3339.357603,31212.23313,,1.11312E-06
21:12:14:4:24:30.0000000,4340197.038,580397.6452,4633065.113,3115.888462,31337.37977,,1.03863E-06
21:12:14:4:25:0.0000000,4339931.143,580462.7965,4632798.617,2890.804554,31471.18419,,9.63602E-07
21:12:14:4:25:30.0000000,4339663.562,580527.3766,4632530.776,2664.108061,31613.38236,,8.88036E-07
21:12:14:4:26:0.0000000,4339393.517,580591.505,4632260.955,2435.446518,31761.61816,,8.11816E-07
21:12:14:4:26:30.0000000,4339121.854,580654.0948,4631990.256,2205.646705,31919.06439,,7.35216E-07
21:12:14:4:27:0.0000000,4338847.24,580717.1993,4631717.665,1973.270033,32083.36197,,6.57757E-07
21:12:14:4:27:30.0000000,4338572.018,580779.1689,4631444.074,1740.34669,32255.59511,,5.80116E-07
21:12:14:4:28:0.0000000,4338295.182,580840.2738,4631170.234,1506.631325,32435.96985,,5.0221E-07
21:12:14:4:28:30.0000000,4338016.085,580900.7707,4630894.268,1270.700279,32622.12534,,4.23567E-07
21:12:14:4:29:0.0000000,4337735.593,580960.6977,4630617.557,1033.830056,32817.04811,,3.4461E-07
21:12:14:4:29:30.0000000,4337453.786,581019.7896,4630340.616,796.2122355,33016.66854,,2.65404E-07
21:12:14:4:30:0.0000000,4337170.327,581078.3278,4630061.754,556.5759047,33224.72512,,1.85525E-07
21:12:14:4:30:30.0000000,4336886.831,581136.2989,4629782.499,316.7847954,33439.04672,,1.05595E-07
21:12:14:4:31:0.0000000,4336601.916,581193.4447,4629504.053,76.91454698,33659.87998,,2.56382E-08
21:12:14:4:31:30.0000000,4336316.392,581249.8593,4629223.35,-164.7922247,33887.53146,,-5.49307E-08
21:12:14:4:32:0.0000000,4336029.507,581305.6882,4628943.26,-406.6297802,34121.10639,,-1.35543E-07
21:12:14:4:32:30.0000000,4335742.114,581360.7011,4628661.999,-649.5351968,34362.36397,,-2.16512E-07
21:12:14:4:33:0.0000000,4335454.579,581415.6219,4628380.228,-892.7462544,34608.19727,,-2.97582E-07
21:12:14:4:33:30.0000000,4335166.744,581469.4208,4628100.096,-1135.182995,34860.85126,,-3.78394E-07
21:12:14:4:34:0.0000000,4334878.548,581522.1352,4627818.96,-1378.772765,35119.81853,,-4.59591E-07
21:12:14:4:34:30.0000000,4334590.795,581574.9651,4627537.539,-1622.205772,35383.70939,,-5.40735E-07
21:12:14:4:35:0.0000000,4334302.742,581626.6016,4627257.137,-1865.246565,35654.49589,,-6.21749E-07
21:12:14:4:35:30.0000000,4334014.137,581677.5411,4626976.001,-2109.215414,35930.05557,,-7.03072E-07
21:12:14:4:36:0.0000000,4333725.977,581728.0243,4626695.596,-2352.749118,36211.47058,,-7.8425E-07
21:12:14:4:36:30.0000000,4333438.044,581777.9817,4626416.009,-2595.743055,36497.82211,,-8.65248E-07
21:12:14:4:37:0.0000000,4333151.797,581827.095,4626136.181,-2838.425304,36790.36617,,-9.46142E-07
21:12:14:4:37:30.0000000,4332864.874,581874.8818,4625857.252,-3081.043186,37088.38662,,-1.02701E-06
21:12:14:4:38:0.0000000,4332579.672,581923.3062,4625579.124,-3322.716842,37391.04027,,-1.10757E-06
21:12:14:4:38:30.0000000,4332295.219,581970.1563,4625302.028,-3563.63745,37698.74747,,-1.18788E-06
21:12:14:4:39:0.0000000,4332010.996,582016.5367,4625025.407,-3804.569464,38011.95413,,-1.26819E-06
21:12:14:4:39:30.0000000,4331728.39,582062.0652,4624749.453,-4044.320223,38330.4655,,-1.34811E-06
21:12:14:4:40:0.0000000,4331447.952,582106.9586,4624475.496,-4282.230539,38653.79983,,-1.42741E-06
21:12:14:4:40:30.0000000,4331167.848,582150.9213,4624202.2,-4519.941239,38982.51194,,-1.50665E-06
21:12:14:4:41:0.0000000,4330889.207,582194.791,4623929.617,-4756.973655,39315.88675,,-1.58566E-06
21:12:14:4:41:30.0000000,4330612.181,582237.1719,4623657.851,-4992.816526,39653.1373,,-1.66427E-06
21:12:14:4:42:0.0000000,4330336.763,582279.2884,4623388.966,-5226.957268,39995.35437,,-1.74232E-06
21:12:14:4:42:30.0000000,4330064.107,582320.9095,4623120.604,-5459.585757,40342.45591,,-1.81986E-06
21:12:14:4:43:0.0000000,4329792.154,582361.7803,4622853.527,-5691.418069,40694.41427,,-1.89714E-06
21:12:14:4:43:30.0000000,4329523.259,582401.2956,4622588.526,-5921.115335,41050.71896,,-1.97371E-06
21:12:14:4:44:0.0000000,4329255.537,582440.764,4622322.883,-6150.955878,41411.95557,,-2.05032E-06
21:12:14:4:44:30.0000000,4328990.673,582479.3863,4622062.193,-6377.070627,41777.0579,,-2.12569E-06
21:12:14:4:45:0.0000000,4328728.138,582517.0634,4621801.353,-6602.408383,42146.95918,,-2.2008E-06
21:12:14:4:45:30.0000000,4328467.197,582554.5029,4621541.657,-6826.893707,42520.53838,,-2.27563E-06
21:12:14:4:46:0.0000000,4328209.487,582590.0438,4621286.413,-7047.639424,42899.62586,,-2.34921E-06
21:12:14:4:46:30.0000000,4327954.296,582626.0168,4621032.046,-7266.983806,43281.79689,,-2.42233E-06
21:12:14:4:47:0.0000000,4327702.033,582660.5903,4620779.632,-7484.396348,43668.78967,,-2.4948E-06
21:12:14:4:47:30.0000000,4327452,582694.3207,4620528.082,-7700.852695,44060.59258,,-2.56695E-06
21:12:14:4:48:0.0000000,4329906.149,586889.1345,4624310.668,-3867.425785,43297.75691,,-1.28914E-06
21:12:14:4:48:30.0000000,4329603.806,586826.8062,4623979.529,-4164.157357,43762.55402,,-1.38805E-06
21:12:14:4:49:0.0000000,4329302.526,586761.2751,4623645.409,-4462.943817,44229.88099,,-1.48765E-06
21:12:14:4:49:30.0000000,4329003.565,586694.4693,4623311.558,-4761.081766,44698.86227,,-1.58703E-06
21:12:14:4:50:0.0000000,4328706.882,586625.3135,4622980.218,-5057.346922,45169.97881,,-1.68578E-06
21:12:14:4:50:30.0000000,4328411.822,586554.0181,4622648.553,-5353.736413,45643.15393,,-1.78458E-06
21:12:14:4:51:0.0000000,4328118.753,586479.5908,4622315.07,-5650.798799,46118.43948,,-1.8836E-06
21:12:14:4:51:30.0000000,4328223.012,586805.89,4624193.635,-4427.35875,46536.49925,,-1.47579E-06
21:12:14:4:52:0.0000000,4327897.091,586686.4244,4623625.219,-4884.648026,47028.65623,,-1.62822E-06
21:12:14:4:52:30.0000000,4327569.033,586562.4793,4623044.367,-5350.754481,47520.36895,,-1.78358E-06
21:12:14:4:53:0.0000000,4327241.344,586433.7105,4622451.831,-5823.853938,48012.77757,,-1.94128E-06
21:12:14:4:53:30.0000000,4326911.777,586300.3682,4621847.481,-6305.144364,48504.90546,,-2.10171E-06
21:12:14:4:54:0.0000000,4326580.482,586161.7898,4621230.227,-6795.539313,48997.17157,,-2.26518E-06
21:12:14:4:54:30.0000000,4326248.517,586019.2,4620600.072,-7293.933068,49488.44774,,-2.43131E-06
21:12:14:4:55:0.0000000,4325915.398,585870.9995,4619957.371,-7800.822467,49980.07775,,-2.60027E-06
21:12:14:4:55:30.0000000,4325581.595,585718.2326,4619302.264,-8315.528424,50470.53814,,-2.77184E-06
21:12:14:4:56:0.0000000,4325246.168,585560.9033,4618634.167,-8838.95186,50959.82543,,-2.94632E-06
21:12:14:4:56:30.0000000,4324910.348,585398.5509,4617953.745,-9370.232166,51449.20077,,-3.12341E-06
21:12:14:4:57:0.0000000,4324572.592,585231.5966,4617260.69,-9910.056347,51937.66899,,-3.30335E-06
21:12:14:4:57:30.0000000,4324234.855,585059.6012,4616554.04,-10458.17459,52424.81779,,-3.48606E-06
21:12:14:4:58:0.0000000,4323895.996,584882.8448,4615833.862,-11014.94759,52909.46592,,-3.67165E-06
21:12:14:4:58:30.0000000,4323554.954,584701.7489,4615101.27,-11580.29377,53394.27979,,-3.8601E-06
21:12:14:4:59:0.0000000,4323214.592,584515.4707,4614355.733,-12153.249,53876.80782,,-4.05108E-06
21:12:14:4:59:30.0000000,4322873.884,584324.7275,4613597.975,-12733.29686,54357.54433,,-4.24443E-06
21:12:14:5:0:0.0000000,4322531.431,584128.705,4612825.924,-13323.50389,54836.8358,,-4.44117E-06
21:12:14:5:0:30.0000000,4322188.17,583928.931,4612041.727,-13920.7699,55314.72074,,-4.64026E-06
21:12:14:5:1:0.0000000,4321844.679,583723.835,4611244.133,-14526.03927,55789.88119,,-4.84201E-06
21:12:14:5:1:30.0000000,4321502.011,583513.8804,4610434.685,-15138.09697,56263.67169,,-5.04603E-06
21:12:14:5:2:0.0000000,4324545.33,588164.5085,4625193.595,-4694.522608,58486.15225,,-1.56484E-06
21:12:14:5:2:30.0000000,4320813.727,583081.829,4608776.878,-16386.26892,57203.06497,,-5.46209E-06
21:12:14:5:3:0.0000000,4324086.386,588058.6938,4624626.408,-5176.624517,59612.62317,,-1.72554E-06
21:12:14:5:3:30.0000000,4320123.74,582632.046,4607069.411,-17664.56367,58133.14605,,-5.88819E-06
21:12:14:5:4:0.0000000,4323631.97,587944.1237,4624041.809,-5666.549724,60739.50241,,-1.88885E-06
21:12:14:5:4:30.0000000,4323406.278,587883.8324,4623744.753,-5913.623397,61304.27507,,-1.97121E-06
21:12:14:5:5:0.0000000,4319090.629,581924.8623,4604417.392,-19633.22915,59507.89358,,-6.54441E-06
21:12:14:5:5:30.0000000,4322956.88,587756.9841,4623134.623,-6416.243298,62433.10356,,-2.13875E-06
21:12:14:5:6:0.0000000,4322733.141,587690.1284,4622822.991,-6670.845973,62998.21638,,-2.22362E-06
21:12:14:5:6:30.0000000,4322511.361,587620.4254,4622504.902,-6928.1051,63562.23343,,-2.30937E-06
21:12:14:5:7:0.0000000,4322290.746,587549.9444,4622185.584,-7185.317687,64126.86241,,-2.39511E-06
21:12:14:5:7:30.0000000,4322070.5,587477.7189,4621861.134,-7445.327458,64691.36174,,-2.48178E-06
21:12:14:5:8:0.0000000,4321851.752,587402.4289,4621531.206,-7707.773456,65254.96076,,-2.56926E-06
21:12:14:5:8:30.0000000,4321634.192,587325.1334,4621196.497,-7972.080541,65817.81821,,-2.65736E-06
21:12:14:5:9:0.0000000,4321416.366,587246.1816,4620856.235,-8239.787196,66380.87672,,-2.7466E-06
21:12:14:5:9:30.0000000,4321199.853,587164.9556,4620511.746,-8508.852001,66943.34361,,-2.83628E-06
21:12:14:5:10:0.0000000,4313134.667,580644.9379,4616441.455,-15770.41753,70113.89751,,-5.25681E-06
21:12:14:5:10:30.0000000,4313001.486,580601.7284,4616135.926,-15981.75701,70612.42363,,-5.32725E-06
21:12:14:5:11:0.0000000,4312869.164,580556.7725,4615824.59,-16195.29141,71111.42542,,-5.39843E-06
21:12:14:5:11:30.0000000,4312737.85,580509.9299,4615510.388,-16409.7054,71611.95625,,-5.4699E-06
21:12:14:5:12:0.0000000,4312607.111,580460.353,4615190.062,-16627.10314,72112.19598,,-5.54237E-06
21:12:14:5:12:30.0000000,4312477.259,580409.0538,4614865.796,-16845.85447,72613.68457,,-5.61528E-06
21:12:14:5:13:0.0000000,4312348.195,580355.9554,4614536.355,-17066.5513,73114.66739,,-5.68885E-06
21:12:14:5:13:30.0000000,4312219.998,580300.7457,4614201.048,-17289.77354,73615.67057,,-5.76326E-06
21:12:14:5:14:0.0000000,4312092.139,580243.4838,4613861.406,-17514.86555,74117.01656,,-5.83829E-06
21:12:14:5:14:30.0000000,4311964.696,580184.679,4613516.032,-17742.50543,74618.29934,,-5.91417E-06
21:12:14:5:15:0.0000000,4311837.737,580123.321,4613165.271,-17972.3538,75119.0597,,-5.99078E-06
21:12:14:5:15:30.0000000,4311712.175,580060.0664,4612810.407,-18203.43249,75620.08045,,-6.06781E-06
21:12:14:5:16:0.0000000,4311586.923,579994.6004,4612449.215,-18437.25149,76120.89449,,-6.14575E-06
21:12:14:5:16:30.0000000,4316527.58,578298.5666,4613848.542,-15101.39717,76229.24341,,-5.0338E-06
21:12:14:5:17:0.0000000,4316344.419,578266.4174,4613486.374,-15369.3657,76743.08921,,-5.12312E-06
21:12:14:5:17:30.0000000,4316159.819,578232.5878,4613118.21,-15640.85671,77256.89196,,-5.21362E-06
21:12:14:5:18:0.0000000,4315973.214,578196.3911,4612742.91,-15916.73963,77769.8143,,-5.30558E-06
21:12:14:5:18:30.0000000,4315786.357,578158.4974,4612361.244,-16195.57055,78281.56365,,-5.39852E-06
21:12:14:5:19:0.0000000,4315597.304,578118.5647,4611972.814,-16478.52302,78792.23774,,-5.49284E-06
21:12:14:5:19:30.0000000,4315407.241,578076.8248,4611576.241,-16765.50898,79300.68035,,-5.5885E-06
21:12:14:5:20:0.0000000,4315215.364,578032.9604,4611172.563,-17056.78619,79808.71213,,-5.6856E-06
21:12:14:5:20:30.0000000,4315021.989,577987.4802,4610761.707,-17352.03368,80314.72588,,-5.78401E-06
21:12:14:5:21:0.0000000,4314827.299,577939.3781,4610343.771,-17651.0108,80819.50436,,-5.88367E-06
21:12:14:5:21:30.0000000,4314630.091,577889.8106,4609918.153,-17954.44318,81323.44661,,-5.98481E-06
21:12:14:5:22:0.0000000,4314431.394,577838.0373,4609484.685,-18262.36475,81824.58431,,-6.08745E-06
21:12:14:5:22:30.0000000,4314230.507,577784.1941,4609043.967,-18574.32826,82323.92372,,-6.19144E-06
21:12:14:5:23:0.0000000,4314027.629,577728.3072,4608594.867,-18890.92708,82821.82137,,-6.29698E-06
21:12:14:5:23:30.0000000,4313821.999,577670.9283,4608138.113,-19212.47469,83317.31421,,-6.40416E-06
21:12:14:5:24:0.0000000,4313615.448,577610.7363,4607673.472,-19537.60027,83811.12943,,-6.51253E-06
21:12:14:5:24:30.0000000,4313405.861,577548.8911,4607201.815,-19867.26656,84302.84333,,-6.62242E-06
21:12:14:5:25:0.0000000,4313193.33,577484.4875,4606721.076,-20202.46981,84792.55878,,-6.73416E-06
21:12:14:5:25:30.0000000,4312979.643,577418.0078,4606232.574,-20541.40223,85279.42351,,-6.84713E-06
21:12:14:5:26:0.0000000,4312762.044,577350.0063,4605734.922,-20886.19937,85763.74263,,-6.96207E-06
21:12:14:5:26:30.0000000,4312542.363,577279.4723,4605229.953,-21235.43008,86246.06399,,-7.07848E-06
21:12:14:5:27:0.0000000,4312320.143,577206.9936,4604715.668,-21589.49049,86724.92957,,-7.1965E-06
21:12:14:5:27:30.0000000,4312094.49,577132.0141,4604193.471,-21948.85614,87201.60532,,-7.31629E-06
21:12:14:5:28:0.0000000,4311866.393,577055.1164,4603662.867,-22312.78368,87675.17253,,-7.43759E-06
21:12:14:5:28:30.0000000,4311636.24,576976.0549,4603123.989,-22681.15649,88146.08365,,-7.56039E-06
21:12:14:5:29:0.0000000,4311401.58,576894.6963,4602576.7,-23055.23942,88614.07871,,-7.68508E-06
21:12:14:5:29:30.0000000,4311164.268,576810.4832,4602020.164,-23434.68559,89078.46309,,-7.81156E-06
21:12:14:5:30:0.0000000,4310924.106,576725.118,4601455.505,-23818.69801,89539.44958,,-7.93957E-06
21:12:14:5:30:30.0000000,4310680.638,576636.8565,4600881.246,-24208.41199,89998.22246,,-8.06947E-06
21:12:14:5:31:0.0000000,4310433.252,576546.3393,4600299.1,-24603.33222,90452.40937,,-8.20111E-06
21:12:14:5:31:30.0000000,4310184.124,576453.5355,4599709.029,-25002.07973,90903.63469,,-8.33403E-06
21:12:14:5:32:0.0000000,4309930.175,576358.1169,4599109.233,-25407.49364,91352.21079,,-8.46916E-06
21:12:14:5:32:30.0000000,4309673.714,576260.8318,4598502.425,-25816.62965,91796.67889,,-8.60554E-06
21:12:14:5:33:0.0000000,4309413.839,576160.9373,4597885.843,-26231.49411,92237.18968,,-8.74383E-06
21:12:14:5:33:30.0000000,4309150.301,576058.7931,4597260.505,-26651.82117,92674.07183,,-8.88394E-06
21:12:14:5:34:0.0000000,4308883.47,575953.509,4596627.229,-27076.69798,93106.51435,,-9.02557E-06
21:12:14:5:34:30.0000000,4308612.734,575846.1335,4595985.318,-27507.39543,93535.86015,,-9.16913E-06
21:12:14:5:35:0.0000000,4308339.666,575736.6181,4595336.388,-27941.21219,93961.05327,,-9.31374E-06
21:12:14:5:35:30.0000000,4308062.424,575624.0993,4594678.293,-28381.06931,94382.66175,,-9.46036E-06
21:12:14:5:36:0.0000000,4307782.241,575509.0946,4594011.985,-28825.67506,94799.19141,,-9.60856E-06
21:12:14:5:36:30.0000000,4307498.213,575391.7453,4593338.019,-29274.83294,95212.04365,,-9.75828E-06
21:12:14:5:37:0.0000000,4307211.43,575271.7485,4592656.998,-29728.05472,95621.48799,,-9.90935E-06
21:12:14:5:37:30.0000000,4306920.624,575148.9394,4591966.923,-30186.83789,96025.20561,,-1.00623E-05
21:12:14:5:38:0.0000000,4306626.982,575024.0327,4591269.688,-30649.60842,96424.79207,,-1.02165E-05
21:12:14:5:38:30.0000000,4306329.551,574896.0435,4590564.878,-31117.11614,96820.4035,,-1.03724E-05
21:12:14:5:39:0.0000000,4306029.352,574765.5817,4589853.259,-31588.40576,97211.33294,,-1.05295E-05
21:12:14:5:39:30.0000000,4305725.476,574632.8015,4589134.552,-32064.07013,97597.57084,,-1.0688E-05
21:12:14:5:40:0.0000000,4305419.351,574496.9266,4588409.436,-32543.09442,97979.81685,,-1.08477E-05
21:12:14:5:40:30.0000000,4305110.413,574358.4094,4587678.29,-33025.50151,98357.0732,,-1.10085E-05
21:12:14:5:41:0.0000000,4304797.577,574217.0613,4586939.673,-33512.69904,98729.54948,,-1.11709E-05
21:12:14:5:41:30.0000000,4304483.345,574073.4123,4586196.567,-34001.59303,99097.56262,,-1.13339E-05
21:12:14:5:42:0.0000000,4304165.55,573926.9289,4585446.264,-34494.98083,99460.68146,,-1.14983E-05
21:12:14:5:42:30.0000000,4303845.741,573777.5381,4584691.155,-34990.87102,99819.29204,,-1.16636E-05
21:12:14:5:43:0.0000000,4303523.877,573625.8164,4583931.032,-35489.08789,100173.5692,,-1.18297E-05
21:12:14:5:43:30.0000000,4303200.371,573471.0698,4583166.768,-35989.29549,100522.4834,,-1.19964E-05
21:12:14:5:44:0.0000000,4302873.912,573313.9652,4582398.463,-36491.99339,100866.3504,,-1.2164E-05
21:12:14:5:44:30.0000000,4302544.84,573153.9479,4581624.268,-36997.85279,101205.5135,,-1.23326E-05
21:12:14:5:45:0.0000000,4302215.936,572990.9455,4580848.544,-37503.60603,101540.1746,,-1.25012E-05
21:12:14:5:45:30.0000000,4301885.198,572825.9208,4580068.593,-38011.39184,101870.0038,,-1.26705E-05
21:12:14:5:46:0.0000000,4301552.787,572658.2854,4579285.969,-38520.3611,102194.8404,,-1.28401E-05
21:12:14:5:46:30.0000000,4301218.706,572487.2088,4578500.5,-39030.72115,102515.2555,,-1.30102E-05
21:12:14:5:47:0.0000000,4300885.858,572314.06,4577714.042,-39539.85177,102830.5078,,-1.318E-05
21:12:14:5:47:30.0000000,4300550.911,572138.347,4576925.767,-40050.15205,103141.4185,,-1.33501E-05
21:12:14:5:48:0.0000000,4300216.937,571960.2644,4576136.891,-40559.17238,103447.4929,,-1.35197E-05
21:12:14:5:48:30.0000000,4299883.081,571779.6082,4575347.849,-41067.42236,103747.9302,,-1.36891E-05
21:12:14:5:49:0.0000000,4299548.398,571596.3313,4574558.378,-41575.72082,104044.9932,,-1.38586E-05
21:12:14:5:49:30.0000000,4299215.442,571411.2642,4573768.799,-42081.84993,104337.5823,,-1.40273E-05
21:12:14:5:50:0.0000000,4298882.665,571223.2012,4572981.086,-42586.42744,104624.1021,,-1.41955E-05
21:12:14:5:50:30.0000000,4298551.6,571033.6203,4572195.726,-43088.26307,104907.3749,,-1.43628E-05
21:12:14:5:51:0.0000000,4298221.783,570841.0002,4571411.239,-43588.28971,105185.5491,,-1.45294E-05
21:12:14:5:51:30.0000000,4297893.268,570646.5362,4570630.191,-44085.18846,105459.8027,,-1.46951E-05
21:12:14:5:52:0.0000000,4297568.549,570450.4022,4569853.221,-44577.29212,105728.7689,,-1.48591E-05
21:12:14:5:52:30.0000000,4297246.054,570251.8676,4569079.604,-45066.09509,105993.6597,,-1.5022E-05
21:12:14:5:53:0.0000000,4296925.846,570051.584,4568310.325,-45550.76002,106254.8096,,-1.51836E-05
21:12:14:5:53:30.0000000,4296608.519,569849.6941,4567546.031,-46030.92685,106512.5445,,-1.53436E-05
21:12:14:5:54:0.0000000,4296295.634,569645.8027,4566787.834,-46505.18935,106764.6605,,-1.55017E-05
21:12:14:5:54:30.0000000,4295986.089,569440.4564,4566035.803,-46974.18022,107013.6022,,-1.56581E-05
21:12:14:5:55:0.0000000,4295680.946,569233.0916,4565290.278,-47437.24879,107258.5426,,-1.58124E-05
21:12:14:5:55:30.0000000,4295380.921,569024.9573,4564552.529,-47893.29675,107499.9394,,-1.59644E-05
21:12:14:5:56:0.0000000,4295085.827,568815.3458,4563822.754,-48342.47676,107737.7371,,-1.61142E-05
21:12:14:5:56:30.0000000,4294796.607,568604.7982,4563102.18,-48783.82943,107971.5888,,-1.62613E-05
21:12:14:5:57:0.0000000,4294512.401,568392.7767,4562390.46,-49217.71813,108201.9,,-1.64059E-05
21:12:14:5:57:30.0000000,4294234.884,568180.2151,4561688.288,-49643.15547,108428.8741,,-1.65477E-05
21:12:14:5:58:0.0000000,4293964.176,567966.832,4560996.88,-50059.42102,108652.5185,,-1.66865E-05
21:12:14:5:58:30.0000000,4293699.821,567752.7286,4560316.342,-50466.991,108873.1221,,-1.68223E-05
21:12:14:5:59:0.0000000,4293442.593,567538.1892,4559646.919,-50865.27268,109091.1876,,-1.69551E-05
21:12:14:5:59:30.0000000,4293194.173,567323.1764,4558990.228,-51252.41957,109306.0811,,-1.70841E-05
21:12:14:6:0:0.0000000,4292953.011,567107.7926,4558345.889,-51629.57027,109518.0167,,-1.72099E-05
